ID,Unidade,Idade,Sexo,FR,SpO2,PAS,O2_mais_30min,Probabilidade,Alerta,Deteriorou_6h
1,A,58,M,18,96,128,N,0.08,N,N
2,A,66,M,20,95,122,N,0.12,N,N
3,A,74,F,22,94,118,N,0.21,N,N
4,A,79,M,30,89,88,S,0.82,S,S
5,A,63,M,26,91,104,S,0.55,S,N
6,A,52,M,17,97,134,N,0.06,N,N
7,A,81,M,29,90,92,S,0.76,S,S
8,A,45,F,19,98,126,N,0.09,N,N
9,A,70,M,24,93,110,N,0.28,N,N
10,A,76,M,32,88,86,S,0.88,S,S
11,A,61,M,21,95,116,N,0.15,N,N
12,A,55,F,18,97,130,N,0.07,N,N
13,A,69,M,27,92,100,S,0.48,S,N
14,A,47,M,20,96,124,N,0.11,N,N
15,A,83,F,31,89,90,S,0.79,S,S
16,A,72,M,23,94,112,N,0.24,N,N
17,A,64,M,19,96,120,N,0.1,N,N
18,A,77,M,28,90,94,S,0.71,S,S
19,A,59,M,20,95,118,N,0.16,N,N
20,A,68,F,25,92,106,S,0.43,S,N
21,A,50,M,18,,132,N,0.13,N,N
22,A,85,M,33,87,84,S,0.91,S,S
23,B,62,M,22,,114,N,0.18,N,N
24,B,78,M,30,89,90,S,0.67,S,S
25,B,71,F,27,,102,S,0.44,S,N
26,B,56,M,20,,126,N,0.14,N,N
27,B,82,F,29,,88,N,0.36,N,S
28,B,60,M,21,95,118,N,0.17,N,N
29,B,73,M,24,,108,N,0.23,N,N
30,B,80,M,31,,86,N,0.34,N,S
